Rok,Podíl na produkci komunálních odpadů,Jednotka,Způsob nakládání
2009,6.00,%,Energetické využití komunálních odpadů
2009,22.66,%,Materiálové využití komunálních odpadů
2009,64.04,%,Odstranění komunálních odpadů skládkováním
2009,0.04,%,Odstranění komunálních odpadů spalováním
2010,8.87,%,Energetické využití komunálních odpadů
2010,24.29,%,Materiálové využití komunálních odpadů
2010,59.47,%,Odstranění komunálních odpadů skládkováním
2010,0.04,%,Odstranění komunálních odpadů spalováním
2011,10.83,%,Energetické využití komunálních odpadů
2011,30.84,%,Materiálové využití komunálních odpadů
2011,55.36,%,Odstranění komunálních odpadů skládkováním
2011,0.04,%,Odstranění komunálních odpadů spalováním
2012,11.75,%,Energetické využití komunálních odpadů
2012,30.36,%,Materiálové využití komunálních odpadů
2012,53.64,%,Odstranění komunálních odpadů skládkováním
2012,0.04,%,Odstranění komunálních odpadů spalováním
2013,11.89,%,Energetické využití komunálních odpadů
2013,30.22,%,Materiálové využití komunálních odpadů
2013,52.22,%,Odstranění komunálních odpadů skládkováním
2013,0.05,%,Odstranění komunálních odpadů spalováním
2014,11.78,%,Energetické využití komunálních odpadů
2014,34.75,%,Materiálové využití komunálních odpadů
2014,48.27,%,Odstranění komunálních odpadů skládkováním
2014,0.07,%,Odstranění komunálních odpadů spalováním
2015,11.76,%,Energetické využití komunálních odpadů
2015,35.60,%,Materiálové využití komunálních odpadů
2015,47.38,%,Odstranění komunálních odpadů skládkováním
2015,0.07,%,Odstranění komunálních odpadů spalováním
2016,12.12,%,Energetické využití komunálních odpadů
2016,38.06,%,Materiálové využití komunálních odpadů
2016,44.95,%,Odstranění komunálních odpadů skládkováním
2016,0.06,%,Odstranění komunálních odpadů spalováním
2017,12.04,%,Energetické využití komunálních odpadů
2017,37.53,%,Materiálové využití komunálních odpadů
2017,45.40,%,Odstranění komunálních odpadů skládkováním
2017,0.06,%,Odstranění komunálních odpadů spalováním
2018,11.70,%,Energetické využití komunálních odpadů
2018,38.57,%,Materiálové využití komunálních odpadů
2018,45.98,%,Odstranění komunálních odpadů skládkováním
2018,0.07,%,Odstranění komunálních odpadů spalováním
2019,11.72,%,Energetické využití komunálních odpadů
2019,40.97,%,Materiálové využití komunálních odpadů
2019,45.86,%,Odstranění komunálních odpadů skládkováním
2019,0.06,%,Odstranění komunálních odpadů spalováním
2020,12.59,%,Energetické využití komunálních odpadů
2020,38.64,%,Materiálové využití komunálních odpadů
2020,47.77,%,Odstranění komunálních odpadů skládkováním
2020,0.08,%,Odstranění komunálních odpadů spalováním
2021,12.07,%,Energetické využití komunálních odpadů
2021,37.52,%,Materiálové využití komunálních odpadů
2021,47.64,%,Odstranění komunálních odpadů skládkováním
2021,0.06,%,Odstranění komunálních odpadů spalováním