Rok,Kraj,Celková produkce ostatních odpadů na obyvatele,Celková produkce nebezpečných odpadů na obyvatele,Jednotka
2009,Hlavní město Praha,4833.75,109.18,kt
2009,Jihočeský kraj,3175.76,215.60,kt
2009,Jihomoravský kraj,2327.20,108.81,kt
2009,Karlovarský kraj,2822.84,106.15,kt
2009,Kraj Vysočina,1350.01,94.47,kt
2009,Královéhradecký kraj,1764.92,96.73,kt
2009,Liberecký kraj,2314.79,146.80,kt
2009,Moravskoslezský kraj,3296.81,356.03,kt
2009,Olomoucký kraj,2087.91,122.77,kt
2009,Pardubický kraj,2093.69,198.84,kt
2009,Plzeňský kraj,3406.69,100.48,kt
2009,Středočeský kraj,3002.79,342.05,kt
2009,Ústecký kraj,3361.67,462.03,kt
2009,Zlínský kraj,1389.94,118.27,kt
2010,Hlavní město Praha,5259.96,168.94,kt
2010,Jihočeský kraj,2893.47,133.35,kt
2010,Jihomoravský kraj,2067.34,112.74,kt
2010,Karlovarský kraj,2516.35,68.67,kt
2010,Kraj Vysočina,1556.42,195.85,kt
2010,Královéhradecký kraj,1781.23,76.02,kt
2010,Liberecký kraj,2001.10,162.00,kt
2010,Moravskoslezský kraj,3842.84,265.90,kt
2010,Olomoucký kraj,2432.95,94.22,kt
2010,Pardubický kraj,1649.15,185.21,kt
2010,Plzeňský kraj,2979.50,90.41,kt
2010,Středočeský kraj,2861.10,237.92,kt
2010,Ústecký kraj,2800.74,250.64,kt
2010,Zlínský kraj,1580.47,126.85,kt
2011,Hlavní město Praha,3720.10,88.36,kt
2011,Jihočeský kraj,3741.64,112.14,kt
2011,Jihomoravský kraj,2247.83,130.74,kt
2011,Karlovarský kraj,1997.19,52.94,kt
2011,Kraj Vysočina,1555.62,186.25,kt
2011,Královéhradecký kraj,1751.04,101.56,kt
2011,Liberecký kraj,2139.62,157.62,kt
2011,Moravskoslezský kraj,3539.59,367.04,kt
2011,Olomoucký kraj,2472.82,112.81,kt
2011,Pardubický kraj,1880.61,101.36,kt
2011,Plzeňský kraj,2996.43,75.47,kt
2011,Středočeský kraj,2521.00,192.69,kt
2011,Ústecký kraj,3245.01,373.44,kt
2011,Zlínský kraj,2364.73,163.52,kt
2012,Hlavní město Praha,3867.23,105.83,kt
2012,Jihočeský kraj,2522.16,84.28,kt
2012,Jihomoravský kraj,2231.52,103.99,kt
2012,Karlovarský kraj,1654.43,49.27,kt
2012,Kraj Vysočina,1662.26,131.88,kt
2012,Královéhradecký kraj,1704.56,109.87,kt
2012,Liberecký kraj,1881.48,169.72,kt
2012,Moravskoslezský kraj,3631.05,228.88,kt
2012,Olomoucký kraj,2753.73,150.66,kt
2012,Pardubický kraj,1693.32,98.74,kt
2012,Plzeňský kraj,2957.83,185.71,kt
2012,Středočeský kraj,3022.69,163.83,kt
2012,Ústecký kraj,2915.23,338.72,kt
2012,Zlínský kraj,1982.70,148.26,kt
2013,Hlavní město Praha,3140.75,91.61,kt
2013,Jihočeský kraj,3803.30,95.22,kt
2013,Jihomoravský kraj,2730.44,123.65,kt
2013,Karlovarský kraj,1858.62,70.73,kt
2013,Kraj Vysočina,1813.81,110.74,kt
2013,Královéhradecký kraj,1703.69,115.40,kt
2013,Liberecký kraj,1754.92,190.16,kt
2013,Moravskoslezský kraj,3681.40,174.33,kt
2013,Olomoucký kraj,2560.64,114.74,kt
2013,Pardubický kraj,1910.85,207.77,kt
2013,Plzeňský kraj,3533.98,147.92,kt
2013,Středočeský kraj,3002.64,139.40,kt
2013,Ústecký kraj,2713.49,189.52,kt
2013,Zlínský kraj,2009.74,142.60,kt
2014,Hlavní město Praha,3574.57,77.22,kt
2014,Jihočeský kraj,2777.41,137.39,kt
2014,Jihomoravský kraj,2405.18,200.15,kt
2014,Karlovarský kraj,2192.52,82.06,kt
2014,Kraj Vysočina,2216.02,141.23,kt
2014,Královéhradecký kraj,1939.97,130.91,kt
2014,Liberecký kraj,1907.19,187.74,kt
2014,Moravskoslezský kraj,3347.15,158.12,kt
2014,Olomoucký kraj,3194.86,147.42,kt
2014,Pardubický kraj,2556.47,194.62,kt
2014,Plzeňský kraj,3089.49,88.13,kt
2014,Středočeský kraj,2928.99,167.67,kt
2014,Ústecký kraj,3941.33,185.68,kt
2014,Zlínský kraj,2420.62,146.62,kt
2015,Hlavní město Praha,3659.47,85.18,kt
2015,Jihočeský kraj,2929.33,148.30,kt
2015,Jihomoravský kraj,3692.73,158.58,kt
2015,Karlovarský kraj,2814.15,86.97,kt
2015,Kraj Vysočina,2478.54,117.51,kt
2015,Královéhradecký kraj,2459.57,113.53,kt
2015,Liberecký kraj,2930.92,243.27,kt
2015,Moravskoslezský kraj,3695.44,174.32,kt
2015,Olomoucký kraj,3649.82,122.49,kt
2015,Pardubický kraj,3144.26,153.06,kt
2015,Plzeňský kraj,5852.48,133.25,kt
2015,Středočeský kraj,3337.54,157.14,kt
2015,Ústecký kraj,3101.30,143.68,kt
2015,Zlínský kraj,2574.00,152.85,kt
2016,Hlavní město Praha,3882.39,76.10,kt
2016,Jihočeský kraj,2885.42,101.54,kt
2016,Jihomoravský kraj,2962.29,115.16,kt
2016,Karlovarský kraj,2237.00,77.78,kt
2016,Kraj Vysočina,2574.99,146.17,kt
2016,Královéhradecký kraj,2310.96,85.68,kt
2016,Liberecký kraj,2048.28,176.61,kt
2016,Moravskoslezský kraj,3035.22,177.54,kt
2016,Olomoucký kraj,3709.15,140.04,kt
2016,Pardubický kraj,2505.92,153.80,kt
2016,Plzeňský kraj,4260.34,126.54,kt
2016,Středočeský kraj,3262.54,173.62,kt
2016,Ústecký kraj,3387.27,190.10,kt
2016,Zlínský kraj,2495.52,136.62,kt
2017,Hlavní město Praha,3576.95,78.92,kt
2017,Jihočeský kraj,2797.80,117.86,kt
2017,Jihomoravský kraj,3498.49,98.97,kt
2017,Karlovarský kraj,2622.66,105.91,kt
2017,Kraj Vysočina,2847.56,138.73,kt
2017,Královéhradecký kraj,2604.86,90.88,kt
2017,Liberecký kraj,1979.13,194.07,kt
2017,Moravskoslezský kraj,3088.85,281.11,kt
2017,Olomoucký kraj,3426.15,122.48,kt
2017,Pardubický kraj,2685.38,138.95,kt
2017,Plzeňský kraj,4279.83,102.19,kt
2017,Středočeský kraj,3105.96,170.47,kt
2017,Ústecký kraj,3342.92,159.64,kt
2017,Zlínský kraj,2163.30,116.49,kt
2018,Hlavní město Praha,3925.42,106.27,kt
2018,Jihočeský kraj,3188.91,138.77,kt
2018,Jihomoravský kraj,4285.79,151.16,kt
2018,Karlovarský kraj,2967.96,165.62,kt
2018,Kraj Vysočina,3135.67,140.43,kt
2018,Královéhradecký kraj,2932.89,112.14,kt
2018,Liberecký kraj,2142.46,195.56,kt
2018,Moravskoslezský kraj,3527.90,315.72,kt
2018,Olomoucký kraj,3751.70,116.40,kt
2018,Pardubický kraj,2721.09,168.39,kt
2018,Plzeňský kraj,3255.21,115.63,kt
2018,Středočeský kraj,3413.92,198.97,kt
2018,Ústecký kraj,3418.61,151.16,kt
2018,Zlínský kraj,2353.42,153.87,kt
2019,Hlavní město Praha,3783.76,127.45,kt
2019,Jihočeský kraj,2919.05,127.44,kt
2019,Jihomoravský kraj,4080.75,149.00,kt
2019,Karlovarský kraj,2470.21,172.68,kt
2019,Kraj Vysočina,2871.57,125.33,kt
2019,Královéhradecký kraj,2815.97,114.61,kt
2019,Liberecký kraj,2386.82,192.88,kt
2019,Moravskoslezský kraj,3759.46,269.40,kt
2019,Olomoucký kraj,3354.74,92.22,kt
2019,Pardubický kraj,2998.19,245.42,kt
2019,Plzeňský kraj,3308.55,96.87,kt
2019,Středočeský kraj,3387.35,191.85,kt
2019,Ústecký kraj,3433.46,183.47,kt
2019,Zlínský kraj,2519.05,148.82,kt
2020,Hlavní město Praha,3563.35,109.24,kt
2020,Jihočeský kraj,3542.76,229.70,kt
2020,Jihomoravský kraj,3855.56,167.76,kt
2020,Karlovarský kraj,2716.97,168.55,kt
2020,Kraj Vysočina,3207.28,167.98,kt
2020,Královéhradecký kraj,3072.78,97.90,kt
2020,Liberecký kraj,2211.97,175.47,kt
2020,Moravskoslezský kraj,3495.12,257.08,kt
2020,Olomoucký kraj,4550.99,107.58,kt
2020,Pardubický kraj,3107.32,165.48,kt
2020,Plzeňský kraj,3674.26,98.90,kt
2020,Středočeský kraj,3320.44,190.83,kt
2020,Ústecký kraj,3699.66,175.39,kt
2020,Zlínský kraj,2557.43,157.36,kt
2021,Hlavní město Praha,4043.27,108.79,kt
2021,Jihočeský kraj,2985.84,211.75,kt
2021,Jihomoravský kraj,4125.73,140.50,kt
2021,Karlovarský kraj,2325.64,77.70,kt
2021,Kraj Vysočina,3562.37,132.35,kt
2021,Královéhradecký kraj,3138.06,127.07,kt
2021,Liberecký kraj,2500.70,168.15,kt
2021,Moravskoslezský kraj,4012.61,183.28,kt
2021,Olomoucký kraj,3964.36,146.52,kt
2021,Pardubický kraj,3700.04,159.13,kt
2021,Plzeňský kraj,4618.41,138.67,kt
2021,Středočeský kraj,3418.78,204.10,kt
2021,Ústecký kraj,3959.19,155.08,kt
2021,Zlínský kraj,2527.55,159.99,kt