číselník,číselník_název_cs,číselník_název_en,číselník_položka,číselník_položka_kód,číselník_položka_název_cs,číselník_položka_název_en
https://data.mvcr.gov.cz/zdroj/číselníky/typy-tříděného-odpadu,Typy tříděných odpadů,Types of recycling waste,https://data.mvcr.gov.cz/zdroj/číselníky/typy-tříděného-odpadu/položky/objemný,objemný,Objemný odpad,Bulky waste
https://data.mvcr.gov.cz/zdroj/číselníky/typy-tříděného-odpadu,Typy tříděných odpadů,Types of recycling waste,https://data.mvcr.gov.cz/zdroj/číselníky/typy-tříděného-odpadu/položky/nebezpečný,nebezpečný,Nebezpečný odpad,Dangerous waste
https://data.mvcr.gov.cz/zdroj/číselníky/typy-tříděného-odpadu,Typy tříděných odpadů,Types of recycling waste,https://data.mvcr.gov.cz/zdroj/číselníky/typy-tříděného-odpadu/položky/léčiva,léčiva,Objemný Léčiva,Drugs
https://data.mvcr.gov.cz/zdroj/číselníky/typy-tříděného-odpadu,Typy tříděných odpadů,Types of recycling waste,https://data.mvcr.gov.cz/zdroj/číselníky/typy-tříděného-odpadu/položky/plast,plast,Plast,Plastic
https://data.mvcr.gov.cz/zdroj/číselníky/typy-tříděného-odpadu,Typy tříděných odpadů,Types of recycling waste,https://data.mvcr.gov.cz/zdroj/číselníky/typy-tříděného-odpadu/položky/papír,papír,Papír a lepenka,Paper and cardboard
https://data.mvcr.gov.cz/zdroj/číselníky/typy-tříděného-odpadu,Typy tříděných odpadů,Types of recycling waste,https://data.mvcr.gov.cz/zdroj/číselníky/typy-tříděného-odpadu/položky/sklo-bílé,sklo-bílé,Bílé (čiré) sklo,White glass
https://data.mvcr.gov.cz/zdroj/číselníky/typy-tříděného-odpadu,Typy tříděných odpadů,Types of recycling waste,https://data.mvcr.gov.cz/zdroj/číselníky/typy-tříděného-odpadu/položky/sklo-barevné,sklo-barevné,Barevné sklo,Stained glass
https://data.mvcr.gov.cz/zdroj/číselníky/typy-tříděného-odpadu,Typy tříděných odpadů,Types of recycling waste,https://data.mvcr.gov.cz/zdroj/číselníky/typy-tříděného-odpadu/položky/sklo-ostatní,sklo-ostatní,Ostatní sklo,Other glass
https://data.mvcr.gov.cz/zdroj/číselníky/typy-tříděného-odpadu,Typy tříděných odpadů,Types of recycling waste,https://data.mvcr.gov.cz/zdroj/číselníky/typy-tříděného-odpadu/položky/textil,textil,textil,Clothes
https://data.mvcr.gov.cz/zdroj/číselníky/typy-tříděného-odpadu,Typy tříděných odpadů,Types of recycling waste,https://data.mvcr.gov.cz/zdroj/číselníky/typy-tříděného-odpadu/položky/kartony,kartony,Nápojové kartony,Beverage cartons
https://data.mvcr.gov.cz/zdroj/číselníky/typy-tříděného-odpadu,Typy tříděných odpadů,Types of recycling waste,https://data.mvcr.gov.cz/zdroj/číselníky/typy-tříděného-odpadu/položky/olej-jedlý,olej-jedlý,Jedlý olej a tuk,Edible oil and fat
https://data.mvcr.gov.cz/zdroj/číselníky/typy-tříděného-odpadu,Typy tříděných odpadů,Types of recycling waste,https://data.mvcr.gov.cz/zdroj/číselníky/typy-tříděného-odpadu/položky/plech-potraviny,plech-potraviny,Plechovky od potravin,Food cans
https://data.mvcr.gov.cz/zdroj/číselníky/typy-tříděného-odpadu,Typy tříděných odpadů,Types of recycling waste,https://data.mvcr.gov.cz/zdroj/číselníky/typy-tříděného-odpadu/položky/plech-nápoje,plech-nápoje,Nápojové plechovky,Beverage cans
https://data.mvcr.gov.cz/zdroj/číselníky/typy-tříděného-odpadu,Typy tříděných odpadů,Types of recycling waste,https://data.mvcr.gov.cz/zdroj/číselníky/typy-tříděného-odpadu/položky/kov-ostatní-domácnost,kov-ostatní-domácnost,Ostatní kovy z domácnosti,Other household metals
https://data.mvcr.gov.cz/zdroj/číselníky/typy-tříděného-odpadu,Typy tříděných odpadů,Types of recycling waste,https://data.mvcr.gov.cz/zdroj/číselníky/typy-tříděného-odpadu/položky/polystyren-drobný,polystyren-drobný,"Výplňový, drobný polystyren",Crushed polystyrene
https://data.mvcr.gov.cz/zdroj/číselníky/typy-tříděného-odpadu,Typy tříděných odpadů,Types of recycling waste,https://data.mvcr.gov.cz/zdroj/číselníky/typy-tříděného-odpadu/položky/elektro-malé,elektro-malé,Malá domácí elektrozařízení,Small household appliances
https://data.mvcr.gov.cz/zdroj/číselníky/typy-tříděného-odpadu,Typy tříděných odpadů,Types of recycling waste,https://data.mvcr.gov.cz/zdroj/číselníky/typy-tříděného-odpadu/položky/elektro-malé-it,elektro-malé-it,Malá IT a komunikační zařízení,Small ICT devices
https://data.mvcr.gov.cz/zdroj/číselníky/typy-tříděného-odpadu,Typy tříděných odpadů,Types of recycling waste,https://data.mvcr.gov.cz/zdroj/číselníky/typy-tříděného-odpadu/položky/elektro-velké,elektro-velké,Velká elektrozařízení,Big household appliances
https://data.mvcr.gov.cz/zdroj/číselníky/typy-tříděného-odpadu,Typy tříděných odpadů,Types of recycling waste,https://data.mvcr.gov.cz/zdroj/číselníky/typy-tříděného-odpadu/položky/baterie-malé,baterie-malé,Drobné baterie,Small batteries
https://data.mvcr.gov.cz/zdroj/číselníky/typy-tříděného-odpadu,Typy tříděných odpadů,Types of recycling waste,https://data.mvcr.gov.cz/zdroj/číselníky/typy-tříděného-odpadu/položky/baterie-velké,baterie-velké,"Velké baterie, akumulátory","Big batteries, accumulators"
https://data.mvcr.gov.cz/zdroj/číselníky/typy-tříděného-odpadu,Typy tříděných odpadů,Types of recycling waste,https://data.mvcr.gov.cz/zdroj/číselníky/typy-tříděného-odpadu/položky/pneu,pneu,Pneumatiky,Tires
https://data.mvcr.gov.cz/zdroj/číselníky/typy-tříděného-odpadu,Typy tříděných odpadů,Types of recycling waste,https://data.mvcr.gov.cz/zdroj/číselníky/typy-tříděného-odpadu/položky/olej-technický,olej-technický,Technický olej,Technical oil
https://data.mvcr.gov.cz/zdroj/číselníky/typy-tříděného-odpadu,Typy tříděných odpadů,Types of recycling waste,https://data.mvcr.gov.cz/zdroj/číselníky/typy-tříděného-odpadu/položky/železo,železo,Železo,Iron
https://data.mvcr.gov.cz/zdroj/číselníky/typy-tříděného-odpadu,Typy tříděných odpadů,Types of recycling waste,https://data.mvcr.gov.cz/zdroj/číselníky/typy-tříděného-odpadu/položky/kovy-barevné,kovy-barevné,Barevné kovy,Non-ferrous metal
https://data.mvcr.gov.cz/zdroj/číselníky/typy-tříděného-odpadu,Typy tříděných odpadů,Types of recycling waste,https://data.mvcr.gov.cz/zdroj/číselníky/typy-tříděného-odpadu/položky/žárovky,žárovky,Klasické žárovky,Bulbs
https://data.mvcr.gov.cz/zdroj/číselníky/typy-tříděného-odpadu,Typy tříděných odpadů,Types of recycling waste,https://data.mvcr.gov.cz/zdroj/číselníky/typy-tříděného-odpadu/položky/žárovka-reflektorová,žárovka-reflektorová,Reflektorové žárovky,Headlights
https://data.mvcr.gov.cz/zdroj/číselníky/typy-tříděného-odpadu,Typy tříděných odpadů,Types of recycling waste,https://data.mvcr.gov.cz/zdroj/číselníky/typy-tříděného-odpadu/položky/žárovka-ledka,žárovka-ledka,LED žárovky,LED bulbs
https://data.mvcr.gov.cz/zdroj/číselníky/typy-tříděného-odpadu,Typy tříděných odpadů,Types of recycling waste,https://data.mvcr.gov.cz/zdroj/číselníky/typy-tříděného-odpadu/položky/zářivka,zářivka,Kompaktní zářivky,Compact fluorescent lamp
https://data.mvcr.gov.cz/zdroj/číselníky/typy-tříděného-odpadu,Typy tříděných odpadů,Types of recycling waste,https://data.mvcr.gov.cz/zdroj/číselníky/typy-tříděného-odpadu/položky/zářivka-lineární,zářivka-lineární,Lineární zářivky,Linear fluorescent lamp
https://data.mvcr.gov.cz/zdroj/číselníky/typy-tříděného-odpadu,Typy tříděných odpadů,Types of recycling waste,https://data.mvcr.gov.cz/zdroj/číselníky/typy-tříděného-odpadu/položky/výbojka,výbojka,Výbojky,Discharge lamp
https://data.mvcr.gov.cz/zdroj/číselníky/typy-tříděného-odpadu,Typy tříděných odpadů,Types of recycling waste,https://data.mvcr.gov.cz/zdroj/číselníky/typy-tříděného-odpadu/položky/halogenka,halogenka,Halogenové žárovky,Halogen lamp
https://data.mvcr.gov.cz/zdroj/číselníky/typy-tříděného-odpadu,Typy tříděných odpadů,Types of recycling waste,https://data.mvcr.gov.cz/zdroj/číselníky/typy-tříděného-odpadu/položky/suť,suť,Suť bez příměsí,Rubble
https://data.mvcr.gov.cz/zdroj/číselníky/typy-tříděného-odpadu,Typy tříděných odpadů,Types of recycling waste,https://data.mvcr.gov.cz/zdroj/číselníky/typy-tříděného-odpadu/položky/cihly,cihly,Cihly,Bricks
https://data.mvcr.gov.cz/zdroj/číselníky/typy-tříděného-odpadu,Typy tříděných odpadů,Types of recycling waste,https://data.mvcr.gov.cz/zdroj/číselníky/typy-tříděného-odpadu/položky/dřevo,dřevo,Dřevo,Wood
https://data.mvcr.gov.cz/zdroj/číselníky/typy-tříděného-odpadu,Typy tříděných odpadů,Types of recycling waste,https://data.mvcr.gov.cz/zdroj/číselníky/typy-tříděného-odpadu/položky/zemina,zemina,Zemina a kamení,Soil and stones
https://data.mvcr.gov.cz/zdroj/číselníky/typy-tříděného-odpadu,Typy tříděných odpadů,Types of recycling waste,https://data.mvcr.gov.cz/zdroj/číselníky/typy-tříděného-odpadu/položky/směs-demolice,směs-demolice,Směsný stavební a demoliční odpad,Construction waste
https://data.mvcr.gov.cz/zdroj/číselníky/typy-tříděného-odpadu,Typy tříděných odpadů,Types of recycling waste,https://data.mvcr.gov.cz/zdroj/číselníky/typy-tříděného-odpadu/položky/obklady,obklady,Obklady,Tiles
https://data.mvcr.gov.cz/zdroj/číselníky/typy-tříděného-odpadu,Typy tříděných odpadů,Types of recycling waste,https://data.mvcr.gov.cz/zdroj/číselníky/typy-tříděného-odpadu/položky/azbest,azbest,Azbest,Asbestos
https://data.mvcr.gov.cz/zdroj/číselníky/typy-tříděného-odpadu,Typy tříděných odpadů,Types of recycling waste,https://data.mvcr.gov.cz/zdroj/číselníky/typy-tříděného-odpadu/položky/sklo-stavební,sklo-stavební,Stavební sklo,Building glass
https://data.mvcr.gov.cz/zdroj/číselníky/typy-tříděného-odpadu,Typy tříděných odpadů,Types of recycling waste,https://data.mvcr.gov.cz/zdroj/číselníky/typy-tříděného-odpadu/položky/plast-stavební,plast-stavební,Stavební plast,Building plastic
https://data.mvcr.gov.cz/zdroj/číselníky/typy-tříděného-odpadu,Typy tříděných odpadů,Types of recycling waste,https://data.mvcr.gov.cz/zdroj/číselníky/typy-tříděného-odpadu/položky/izolace,izolace,Stavební izolační materiály,Insulation
https://data.mvcr.gov.cz/zdroj/číselníky/typy-tříděného-odpadu,Typy tříděných odpadů,Types of recycling waste,https://data.mvcr.gov.cz/zdroj/číselníky/typy-tříděného-odpadu/položky/kabely,kabely,kabely,Cables
https://data.mvcr.gov.cz/zdroj/číselníky/typy-tříděného-odpadu,Typy tříděných odpadů,Types of recycling waste,https://data.mvcr.gov.cz/zdroj/číselníky/typy-tříděného-odpadu/položky/směsný-odpad,směsný-odpad,Směsný odpad,Communal waste
https://data.mvcr.gov.cz/zdroj/číselníky/typy-tříděného-odpadu,Typy tříděných odpadů,Types of recycling waste,https://data.mvcr.gov.cz/zdroj/číselníky/typy-tříděného-odpadu/položky/bioodpad,bioodpad,Bioodpad,Biological waste
https://data.mvcr.gov.cz/zdroj/číselníky/typy-tříděného-odpadu,Typy tříděných odpadů,Types of recycling waste,https://data.mvcr.gov.cz/zdroj/číselníky/typy-tříděného-odpadu/položky/re-use,re-use,Re-use,Re-use
