﻿OBJECTID,SVOZSPOL,SVOZSPOL_B,TELEFON,E_MAIL,ADRESA,SPAD_OBL,SIDLO,WEB,GLOBALID,SHAPE__Area,SHAPE__Length
647,"Komwag, podnik čistoty a údržby města, a.s.",Komwag,236 040 003,komwag@komwag.cz,"Perucká 2542/10, Praha 2",MČ Praha 2,"Perucká 2542/10, Praha 2 - Vinohrady, 120 00, IČ: 61057606",http://www.komwag.cz,3ac2fc80-ce93-4b22-a1df-8866e40461f8,9788423.67871094,17682.2266533832
648,AVE Pražské komunální služby a.s.,AVE PKS,296 339 917; 296 339 918; 296 339 919,"avepks.obchod@ave.cz 
","Pražská 1321/38a, 102 00 Praha 10; Sokolovská 14/324, 180 49 Praha 9","MČ Praha 3,9,10,14,18,19,20,Březiněves,Čakovice,Ďáblice,Dolní Chabry,Satalice,Vinoř","Pražská 1321/38a, Praha 10, 102 00, IČ: 49356089",http://www.avecz.cz,d63a3dbe-a370-41c0-9540-44a1cbc8f87c,282325307.212891,134493.04539884
649,"IPODEC - ČISTÉ MĚSTO, a.s.",Ipodec,286 583 310,ipodec@mariuspedersen.cz,"Bešťákova 457/5, Praha 8","MČ Praha 8, Praha-Troja","Bešťákova 457, Praha 8, 182 00, IČ: 40764877",http://www.ipodec.cz,d94d5889-6188-46cb-85d0-2a3ce07f1930,59150823.6425781,63264.7129958477
650,"Pražské služby, a.s.",Pražské služby,"284 091 501, 284 091 503, 284 098 448, 284 091 426, 284 091 428",info@psas.cz; prohlaseni2@psas.cz; prohlaseni3@psas.cz ,"Pod Šancemi 444/1, Praha 9; Jungmannova 29, Praha 1 (pasáž Škodova paláce); Proboštská 1, Praha 6, Antala Staška 80b; Praha 4 (v budově úřadu MČ Praha 4, po a stř. 10 – 18 hod). Pro klienty ze všech dále uvedených částí Prahy.","MČ Praha 1, 4, 5, 6, 7, 11, 12, 13, 14, 15, 16, 17,21, 22, Benice, Běchovice, Dolní Měcholupy, Dolní Počernice, Dubeč, Klánovice, Koloděje, Kolovraty, Královice, Křeslice, Kunratice, Libuš, Lipence, Lochkov, Lysolaje, Nebušice, Nedvězí, Petrovice, Přední Kopanina, Řeporyje, Slivenec, Suchdol, Šeberov, Štěrboholy, Újezd, Velká Chuchle, Zbraslav, Zličín.","Pod Šancemi 444/1, Praha 9,  180 77, IČ: 60194120",http://www.psas.cz,e46c6ed8-4d20-4a5f-b1d2-bc1c51d08724,837739619.05957,379598.177419266
